Id,Name,Position,Salary
101,Alice Johnson,Software Engineer,75000
102,Bob Smith,Data Analyst,65000
103,Charlie Brown,Project Manager,90000
104,Diana Prince,UX Designer,70000
105,Edward Norton,System Administrator,68000
106,Fiona Gallagher,QA Analyst,62000
107,George Michael,DevOps Engineer,80000
108,Hannah Montana,Technical Writer,58000
109,Ian McKellen,Product Owner,95000
110,Jane Doe,Frontend Developer,72000
111,Kate Winslet,Backend Developer,74000
112,Liam Neeson,Security Specialist,88000
113,Mary Poppins,HR Manager,60000
114,Nancy Drew,Business Analyst,67000
115,Oscar Wilde,Content Strategist,59000
116,Paul Atreides,Cloud Architect,99000
117,Quincy Adams,Network Engineer,71000
118,Rachel Green,Recruiter,61000
119,Steve Rogers,Scrum Master,73000
120,Tony Stark,CTO,150000
